attribute,usage
I,"formal events, casual outings, seasonal wear, cultural sensitivity, personal expression, comfort and functionality, special occasions, layering for warmth, fashion statements"
Dresses,"formal events, casual outings, weddings, job interviews, travel occasions, parties, summer gatherings, outdoor events, versatile styling, comfort and elegance"
W,"everyday wear, special occasions, cultural events, casual outings, fashion statements, comfort-focused attire, layering options, seasonal trends, expressive style, gender-neutral fashion"
P,"special occasions, casual wear, formal events, outdoor activities, personal expression, seasonal celebrations, everyday comfort, fashion statements, cultural events, performance attire"
Casual,"outdoor events, casual parties, everyday wear, relaxed office attire, summer gatherings, informal gatherings, comfortable outings, laid-back occasions, casual dining, casual travel"
Dr. Martens,"casual outings, winter wear, wedding events, everyday comfort, fashion statements, versatile styling, outdoor activities, summer wear, punk aesthetic, workwear heritage"
Soda,"refreshing beverage, party drink, casual gatherings, outdoor events, meal accompaniment, hydration option, social occasions, picnic essential, movie night snack"
Socks & Hosiery,"formal occasions, athletic activities, casual wear, temperature regulation, foot protection, fashion statements, health benefits, moisture control, hiking adventures"
Designer Shoes & Handbags,"formal events, luxury workplaces, special occasions, fashion statements, investment pieces, versatile outfits, comfort and style, social gatherings, high-profile events, casual chic"
Golf,"casual wear, office attire, golf course, social events, outdoor activities, relaxed settings, sports events, summer outings, family gatherings"
N,"formal events, casual outings, seasonal wear, cultural sensitivity, outdoor activities, health benefits, versatile occasions, personal expression, comfort-focused attire, special celebrations"
R,"fragrance selection, casual outings, formal events, seasonal wear, date nights, clubbing occasions, professional settings, comfort wear, layering options"
Medical,"medical uniforms, surgical scrubs, white coat ceremonies, medical equipment handling, laboratory safety attire, patient care settings, infection control measures, healthcare professional events, medical training sessions, protective clothing requirements"
Men,"business casual, formal events, casual outings, date nights, parties, travel attire, gym wear, outdoor activities, social gatherings"
Wear to Work,"office attire, job interviews, business casual, professional meetings, networking events, client presentations, casual Fridays, remote work, commuting outfits, capsule wardrobe"
Flats,"casual outings, special occasions, weddings, everyday wear, semi-formal events, comfort-focused attire, versatile styling, practical footwear, chic alternatives"
Comfort Shoes,"everyday wear, travel comfort, casual outings, walking tours, outdoor activities, fitness routines, sightseeing trips, long events, casual gatherings, hiking adventures"
Swimsuits & Cover Ups,"beach weddings, water sports, pool parties, sunbathing, family vacations, modesty preferences, travel attire, summer outings, resort wear"
Combat,"military ceremonies, official functions, tactical training, combat operations, veterans' events, memorial services, dress uniforms, civilian wear, combat gear, military pride"
Trunks,"swimming pool, casual outings, beach activities, kayaking, summer events, lounging at home, water sports, quick drying, versatile wear, informal gatherings"
Snow & Cold Weather,"winter outings, cold weather hiking, snow sports, casual winter wear, layering for warmth, winter travel, outdoor activities, snow trips, extreme cold protection, last-minute winter occasions"
Pants,"formal events, casual outings, outdoor activities, workplace attire, summer wear, travel comfort, athletic purposes, cultural events, relaxed gatherings, stylish alternatives"
Reebok,"casual outings, corporate settings, gym workouts, athleisure wear, everyday style, retro fashion, travel comfort, sneaker culture, versatile footwear, safety footwear"
Stacy Adams,"formal events, business meetings, weddings, interviews, casual outings, stylish footwear, dressy occasions, stage performances, classic style, versatile outfits"
Trench & Rain,"rainy days, casual outings, semi-formal events, urban environments, transitional weather, stylish layering, outdoor activities, travel wear, timeless fashion statement, versatile outerwear"
Overalls & Coveralls,"casual outings, workwear, fashion statement, gardening, DIY projects, festivals, layering, children's play, outdoor activities, stylish comfort"
Walking,"casual outings, travel adventures, fitness walking, hiking excursions, outdoor events, daily exercise, social gatherings, comfortable footwear, weather-appropriate attire"
Everyday Bras,"daily comfort, versatile styles, layering under clothes, casual outings, work attire, light support, everyday errands, casual gatherings, active lifestyle, travel-friendly"
Jessica Simpson,"casual outings, summer events, date nights, bohemian style, white coat ceremonies, versatile wardrobe staple, affordable fashion, warm-weather dressing, size-inclusive options, trendy yet classic"
Fahrenheit,"year-round fragrance, versatile scent, temperature-agnostic wear, casual and formal occasions, personal mood choice, outdoor activities, winter running gear, layering for cold, leather jacket compatibility, seasonal flexibility"
Panties,"everyday comfort, layering under clothing, fashion statement, personal expression, athletic support, breathable fabric choice, menstrual hygiene, casual wear, special occasions, going commando"
Isaac Mizrahi,"versatile wardrobe, dynamic occasions, timeless style, contemporary flair, casual outings, formal events, seasonal wear, everyday comfort, fashion-forward looks, statement pieces"
Baby Girls,"special occasions, princess dress-up, family gatherings, birthday parties, holiday celebrations, photo shoots, casual outings, playdates, themed events, formal events"
Active,"active lifestyle, fitness activities, outdoor sports, casual wear, yoga sessions, running errands, gym workouts, travel comfort, leisure activities, theme park visits"
Tees,"casual wear, layering option, outdoor activities, summer outings, music festivals, travel attire, athleisure style, everyday comfort, graphic expression, versatile fashion"
Petite,"wedding guest outfits, casual summer dresses, petite-friendly formal wear, fashion for women over 50, tailored fit for shorter frames, enhancing petite figures, style tips for petites, shopping for petite sizes, occasion-specific petite clothing, petite sizing benefits"
Tanks & Camis,"casual outings, summer events, layering under clothing, travel attire, home relaxation, special occasions, modesty in warm weather, school fashion, workout gear, beachwear"
Women's Luxury Brands,"luxury events, business casual, special occasions, upscale gatherings, fashion shows, workplace attire, evening wear, weddings, high-end shopping, personal branding"
Blanket Sleepers,"bedtime safety, all-day wear, warmth without blankets, diaper protection, easy dressing, cozy sleep, temperature regulation, versatile layering, infant comfort, sleep sack alternative"
Rampage,"extreme sports events, protective gear, fashion statements, special occasions, casual wear, vintage styles, themed parties, outdoor activities, role-playing games, unique outfits"
Aerosoles,"comfortable travel shoes, dressy casual occasions, all-day wear, orthotic-friendly options, versatile styling, wedding guest footwear, fall fashion essentials, synagogue attire, stylish yet practical"
Bottoms,"formal events, casual outings, outdoor activities, travel comfort, summer wear, relaxed settings, fun occasions, athletic pursuits, versatile styling"
Windbreakers,"light rain protection, wind resistance, casual outings, outdoor activities, layering piece, sports events, travel wear, hiking gear, everyday wear"
Sweaters,"layering outfits, casual wear, versatile styling, seasonal fashion, cozy comfort, holiday gatherings, outdoor activities, year-round use, dressy occasions"
Basketball,"basketball games, casual wear, athletic training, streetwear fashion, sports events, outdoor activities, gym workouts, team uniforms, leisure activities"
D,"casual outings, formal events, job interviews, evening wear, loungewear, sailing trips, character cosplay, cultural occasions, everyday wear, comfort-focused attire"
Naturalizer,"weddings, formal events, summer outings, comfortable daily wear, stylish walking shoes, versatile for dresses, casual gatherings, travel-friendly, seasonal fashion, everyday elegance"
Bandolino,"casual wear, work attire, everyday comfort, stylish jeans, versatile bottoms, dressy occasions, active lifestyle, fashion-forward looks, easy pairing, affordable fashion"
"Jumpsuits, Rompers & Overalls","casual outings, house parties, special occasions, travel-friendly, easy bathroom access, versatile styling, summer wear, mom-friendly fashion, everyday comfort, dressy events"
Pullovers,"casual outings, layering for warmth, cozy home wear, outdoor activities, relaxed social gatherings, transitional weather, casual office attire, weekend errands, comfortable travel wear"
GUESS,"casual outings, everyday wear, brand recognition, nostalgic fashion, affordable style, versatile pieces, youthful appeal, iconic denim, logo-centric fashion, trendy accessories"
Fashion Hoodies & Sweatshirts,"casual outings, athleisure wear, layering for warmth, street style fashion, relaxed home wear, outdoor activities, transitional weather, sports events, fashion statement, cultural symbolism"
Outdoor,"hiking trips, outdoor events, casual urban wear, camping activities, beach outings, sports activities, family picnics, adventure travel, nature walks, gardening tasks"
T,"fragrance occasions, casual wear, special events, outdoor activities, cultural events, personal expression, comfort and protection, fashion statements, everyday use"
"Surf, Skate & Street","surfing events, skateboarding sessions, casual outings, protective gear, lifestyle fashion, beach activities, skate parks, jewelry occasions, active sports, social gatherings"
Hiking & Trekking,"strenuous hikes, casual outings, everyday wear, travel comfort, multi-purpose footwear, outdoor adventures, stylish options, seasonal versatility, urban exploration"
Boot Shop,"casual outings, work environments, outdoor activities, fashion statements, special occasions, rugged tasks, versatile styling, seasonal wear, comfort-focused use, safety requirements"
Boys,"casual wear, formal occasions, religious events, comfort clothing, gender-neutral options, children's fashion, outdoor activities, everyday attire, special events, cultural attire"
Sets,"weddings, festivals, formal events, capsule wardrobe, themed parties, everyday wear, work uniforms, travel outfits, special occasions, costume parties"
Sneakers,"business casual, casual outings, athletic activities, travel comfort, street style, fashion-forward events, relaxed gatherings, everyday wear, sneaker culture, mixed outfits"
Donald J Pliner,"wedding guest, work attire, casual outings, stylish comfort, fashion statement, versatile pairing, evening events, brunch with friends, everyday wear, holiday parties"
Cover-Ups,"beach cover-up, sun protection, casual outings, travel essentials, swimwear layering, modesty in public, vacation attire, outdoor events, quick outfit change, cultural appropriateness"
Denim,"casual outings, smart casual events, summer festivals, everyday wear, work attire, layered looks, denim day events, versatile fashion, outdoor activities"
M,"formal events, casual outings, work attire, special occasions, outdoor activities, layering options, seasonal wear, comfort-focused, versatile styling, fashion statements"
Camping & Hiking,"outdoor activities, moisture-wicking clothing, versatile layering, sun protection, comfortable footwear, weather adaptability, casual style, campfire evenings, hiking essentials, lightweight materials"
Rockport,"business casual, travel comfort, everyday wear, light walking, semi-formal events, work shoes, versatile style, casual outings, comfortable dress shoes"
Swim,"beach outings, pool parties, water sports, triathlons, swimming lessons, casual swimming, competitive swimming, sunbathing, water parks, aquatic fitness"
Shirts,"casual outings, formal events, summer wear, layering pieces, travel attire, athletic activities, work settings, cultural occasions, everyday comfort, special occasions"
Sleepwear & Robes,"home relaxation, sleep comfort, family gatherings, personal hygiene, cozy loungewear, holiday traditions, casual public wear, bedtime routine, seasonal warmth, emergency preparedness"
Running,"exercise sessions, casual outings, errands running, cold weather running, leisure activities, outdoor sports, training runs, running events, daily workouts"
Active Sweatshirts,"casual outings, workouts, lounging at home, running errands, outdoor activities, travel comfort, layering for warmth, cozy evenings, gifting for couples, active lifestyle"
crocs,"beach outings, gardening, picnics, running errands, casual wear, yard work, comfortable footwear, easy to remove, versatile styling, sport mode"
Full Price,"full retail pricing, premium quality assurance, budget planning, investment in durability, perceived value, brand prestige, cost-per-wear calculation, avoiding discounts, supporting ethical fashion, long-term wardrobe investment"
Aetrex,"dress shoes, high heels, professional settings, plantar fasciitis relief, stylish comfort, non-removable insoles, everyday wear, special occasions, fashionable support, versatile footwear"
L,"casual wear, oversized style, comfort-focused, everyday occasions, relaxed fit, unique aesthetic, personal expression, versatile layering, non-formal settings"
Girls,"formal events, casual outings, summer wear, religious occasions, self-expression, fashion experimentation, comfort, cultural significance, personal style, age-appropriate attire"
Clothing,"everyday wear, formal occasions, outdoor activities, cultural events, protection from elements, personal expression, layering for warmth, seasonal fashion, comfort and mobility, social gatherings"
Bikinis,"beach outings, pool parties, sunbathing, water sports, vacation wear, summer festivals, casual lounging, tropical destinations, swim competitions, resort wear"
Work Wear & Uniforms,"office environments, professional appearance, job interviews, healthcare settings, construction sites, casual workdays, brand representation, team identity, customer-facing roles, durable clothing needs"
Cardigans,"casual layering, professional attire, chilly weather, over summer dresses, teacher's wardrobe, relaxed office wear, date night option, travel packing, versatile styling, funeral appropriate"
Intimates,"everyday wear, special occasions, comfort, layering, personal expression, health benefits, fashion statement, confidence boost, intimate moments, practical protection"
El Naturalista,"sustainable footwear, comfortable travel shoes, stylish casual wear, eco-friendly design, versatile for various occasions, supportive for plantar fasciitis, suitable for walking, fashionable ankle boots, adaptable to different outfits, innovative materials"
Hiking Shoes,"strenuous hikes, everyday wear, casual outings, waterproof conditions, urban walking, light trekking, versatile styling, outdoor adventures, travel footwear, all-weather use"
Big & Tall,"formal events, casual outings, religious ceremonies, outdoor activities, travel comfort, plus-size fashion, seasonal wear, layering options, active lifestyle, special occasions"
Tankinis,"beach outings, pool parties, family vacations, water sports, casual summer wear, resort wear, modest swimwear, travel-friendly, versatile swim options, active lifestyle"
Night Out & Cocktail,"nightclubs, cocktail parties, date nights, girls' night out, special events, evening gatherings, upscale dinners, social outings, fashion shows, themed parties"
DKNYC,"casual outings, special occasions, day-to-night wear, summer events, party dresses, versatile styles, urban fashion, chic ensembles, contemporary trends, effortless elegance"
adidas,"casual wear, athletic activities, loungewear, corporate casual, golf attire, everyday comfort, fashion statements, sports events, athleisure style, team uniforms"
Lightweight Jackets,"layering for travel, casual outings, summer events, light hiking, airport comfort, beach cover-up, semi-formal occasions, outdoor adventures, transitional weather, quick warmth"
Tops & Tees,"casual outings, working from home, layering for warmth, expressing personal style, versatile for events, summer wear, travel-friendly, comfortable for exercise, stylish for social gatherings, modesty in cultural settings"
Novelty,"party events, casual gatherings, themed celebrations, humorous expressions, unique fashion statements, playful gifts, pop culture references, personal expression, lighthearted occasions"
Hipsters,"casual outings, music festivals, art shows, coffee shop visits, urban exploration, vintage markets, social gatherings, relaxed parties, creative events"
"Novelty, Costumes & More","themed parties, Halloween costumes, cosplay events, pet dress-up, vintage style, self-expression, humorous outfits, casual gatherings, unique fashion statements"
Scrub Tops,"medical professionals, casual wear, comfort and mobility, easy to clean, pocket convenience, uniform compliance, versatile styles, layered outfits, quick-dry fabric, adaptive clothing"
Robes,"daily wear, academic ceremonies, home lounging, post-bath comfort, cultural events, religious services, casual gatherings, travel attire, themed parties, cosplay events"
ASICS,"casual wear, corporate settings, running activities, tennis matches, everyday sneakers, athletic training, fashion statements, sports events, comfortable footwear, versatile styling"
Pant Sets,"business meetings, formal events, casual outings, bike riding, festive occasions, theme parks, professional settings, everyday wear, stylish comfort"
Sweatshirts,"casual outings, gym workouts, lounging at home, layering for warmth, running errands, cozy evenings, travel comfort, outdoor activities, seasonal wear"
Caterpillar,"workwear, durable clothing, outdoor activities, construction sites, casual wear, children's apparel, stylish accessories, rugged footwear, reliable performance, everyday use"
TapouT,"MMA events, casual outings, bar nights, training sessions, fan merchandise, social gatherings, fashion statements, gift items, youth culture, workout apparel"
Work Utility & Safety,"work uniforms, utility clothing, safety gear, durable materials, multi-purpose use, outdoor activities, formal occasions, military attire, farm work, protective wear"
Leather & Faux Leather,"casual outings, motorcycle riding, outdoor adventures, stylish dinners, protective gear, winter warmth, versatile fashion, special occasions, rugged durability, fashion statement"
Puma,"casual wear, athletic activities, golf apparel, streetwear style, brand mixing, comfortable fit, versatile outfits, fashion statements, sports endorsements, daily use"
Fila,"gym wear, casual outings, tennis apparel, brand mixing, street style, sports events, fashion statements, comfortable footwear, athletic activities"
Columbia,"outdoor adventures, hiking trips, casual wear, summer activities, travel clothing, light exercise, camping gear, versatile outfits, sun protection, durable fabrics"
Athletic,"gym workouts, yoga classes, running, hiking, biking, casual outings, comfort wear, active lifestyle, fitness events, everyday wear"
New Balance,"casual wear, athletic activities, running, gym workouts, daily comfort, kids' sports, mix and match, timeless style, quality performance"
Nike,"casual wear, athletic performance, versatile styling, running activities, gym workouts, everyday comfort, fashion statements, layering options, outdoor adventures, sports events"
T-Shirts,"casual wear, layering piece, graphic expression, travel attire, workout clothing, event promotion, everyday comfort, fashion statement, versatile styling, cultural representation"
Shearling,"cold weather insulation, stylish outerwear, casual house slippers, formal occasions, versatile layering, winter fashion statement, comfortable everyday wear, cozy loungewear, suitable for snow"
G,"formal occasions, casual wear, sports activities, daily use, outdoor adventures, travel, versatile styling, fashion statements, personal expression, timekeeping reliability"
Plus-Size,"wedding attire, special events, formal occasions, casual outings, holiday parties, body positivity, flattering styles, size inclusivity, trendy options, everyday wear"
Active Pants,"workouts, yoga sessions, running errands, casual outings, lounging at home, travel comfort, hiking adventures, athleisure style, fitness classes, outdoor activities"
T.U.K.,"temple visits, casual outings, travel wear, fashion events, themed parties, fishing trips, outdoor activities, stylish layering, everyday comfort"
Bras,"supportive wear, everyday comfort, workout support, special occasions, layering under clothing, enhancing appearance, preventing sagging, fashion statement, versatile styles, athletic activities"
Jackets & Coats,"casual outings, formal events, business casual, outdoor activities, layering for warmth, seasonal transitions, protection from elements, stylish statement, versatile fashion choice, evening wear"
Flat Front,"smart casual wear, office attire, formal events, modern style, age-appropriate fashion, versatile pairing, flattering fit, everyday comfort, dressy occasions"
Dickies,"workwear, casual outings, skateboarding, informal events, photography gigs, versatile styling, budget-friendly fashion, blue-collar aesthetic, everyday comfort, trendy streetwear"
Baby Boys,"nice occasions, family photos, casual wear, gender-neutral clothing, trendy outfits, sports themes, boutique shopping, everyday use, hand-me-downs, special events"
Playwear,"casual outings, playdates, indoor activities, family gatherings, birthday parties, creative play, dress-up events, outdoor adventures, imaginative play"
ECCO,"special occasions, weddings, black-tie events, garden parties, baby showers, casual outings, work functions, fashion-forward looks, comfortable footwear, versatile styling"
One-Pieces,"swimming, casual outings, yoga sessions, special occasions, character cosplay, beach days, comfortable loungewear, fashion statements, versatile styling"
Fashion Sneakers,"casual outings, business casual, pairing with dresses, fancy occasions, travel comfort, versatile styling, street style, wedding attire, everyday wear"
FitFlop,"comfortable party shoes, supportive summer sandals, stylish casual wear, long work hours, travel-friendly footwear, versatile dress options, outdoor activities, everyday comfort, chic yet practical"
Casual Socks,"everyday wear, casual outings, home comfort, light exercise, social gatherings, travel essentials, seasonal layering, lounging, outdoor activities, versatile styling"
Oxfords,"formal events, business casual, semi-formal occasions, work attire, stylish comfort, versatile pairing, academic ceremonies, professional settings, casual outings, dressy casual"
Outdoor & Work,"outdoor activities, yard work, hiking trips, camping adventures, casual outdoor gatherings, outdoor sports, work-related tasks, gardening, winter outings, rugged terrain"
Woolrich,"outdoor activities, casual wear, hunting apparel, winter clothing, layering options, vintage style, rugged durability, versatile fashion, warm insulation"
Timberland,"casual outings, hiking adventures, work environments, fashion statements, versatile styling, outdoor activities, everyday wear, seasonal fashion, comfort-focused footwear, rugged durability"
F,"formal events, costume parties, themed celebrations, fashion shows, bridal occasions, photo shoots, evening galas, birthday parties, holiday gatherings"
Active Shirts & Tees,"official military events, casual outings, workout sessions, outdoor activities, gym wear, loungewear, travel attire, summer wear, sports events, family gatherings"
Athletic Socks,"sports activities, casual wear, running, gym workouts, hiking, everyday comfort, moisture-wicking, athletic performance, outdoor activities, training sessions"
Lamo,"cozy winter footwear, casual everyday wear, stylish evening attire, comfortable home slippers, trendy outdoor boots, versatile dress options, chic party dresses, warm sheepskin boots, fashionable seasonal footwear"
Boots,"casual outings, formal events, outdoor activities, fashion statements, work environments, seasonal wear, special occasions, versatile styling, cultural events"
Loafers & Slip-Ons,"casual outings, weekend brunches, art gallery visits, running errands, smart casual events, business casual settings, pairing with jeans, versatile styling, summer gatherings, dressy occasions"
Snow Boots,"winter sports, snow hiking, cold weather commuting, casual winter outings, insulated warmth, waterproof protection, snow travel, outdoor activities, arctic conditions, stylish winter wear"
Women,"formal events, casual outings, special occasions, everyday wear, travel attire, comfort dressing, layering options, seasonal fashion, personal expression"
Garter Belts,"special occasions, under dresses, enhancing femininity, fashion statement, comfort with stockings, alternative to pantyhose, layering under outfits, intimate settings, vintage style, personal preference"
B,"business casual, dinner dates, semi-formal events, professional meetings, wedding attire, versatile layering, smart-casual outings, holiday parties, stylish comfort, transitional seasons"
Clothing Sets,"casual outings, special occasions, work uniforms, seasonal transitions, travel convenience, coordinated outfits, layering options, versatile styling, comfort-focused ensembles, fashion statements"
"Lingerie, Sleep & Lounge","romantic occasions, wedding nights, personal comfort, sleepwear, surprise for partner, self-confidence boost, intimate settings, casual lounging, special events, everyday wear"
Two-Pieces,"business meetings, casual outings, beachwear, special occasions, layering options, travel outfits, athletic activities, summer events, versatile styling"
Shorts,"casual outings, beach wear, summer events, sports activities, informal gatherings, warm weather comfort, travel attire, relaxed home wear, outdoor adventures"
Pumps,"formal events, work attire, date nights, parties, weddings, casual outings, spring celebrations, theme parks, stylish comfort, versatile fashion"
E,"everyday wear, work attire, special occasions, casual outings, formal events, video recording, safety gear, fashion statements, cultural events, versatile styling"
Easy Street,"casual wear, versatile styling, breathable fabric, layering option, fall outfits, comfortable fit, trendy boutique, easy to accessorize, suitable for various occasions, relaxed aesthetic"
Shoes,"business occasions, casual outings, formal events, everyday wear, fitness activities, travel, fashion statements, outdoor adventures, cultural events"
Blouses & Button-Down Shirts,"office wear, casual outings, special occasions, layering pieces, versatile styling, date nights, professional settings, everyday comfort, fashion statements, seasonal transitions"
Sports & Outdoors,"casual outings, sports activities, formal events, summer wear, outdoor adventures, fitness training, travel comfort, versatile styling, layered outfits, protective gear"
Exotic Apparel,"special occasions, fashion statements, unique events, cultural celebrations, themed parties, upscale gatherings, personal expression, luxury experiences, artistic performances"
Hiking Boots,"strenuous hikes, everyday outfits, dog walking, casual outings, protection from wildlife, versatile styling, all-weather use, camping activities, light trekking, urban exploration"
Jeans,"casual outings, office wear, date nights, travel attire, outdoor activities, versatile styling, cultural events, relaxed fit, layering options, fashion statements"
Fashion,"casual outings, special events, work attire, fashion shows, personal expression, cultural sensitivity, comfort and fit, seasonal trends, social gatherings, tailored pieces"
C,"special occasions, casual wear, formal events, outdoor activities, fashion statements, personal expression, seasonal trends, comfort clothing, ethical fashion"
BeautiFeel,"dressy occasions, professional settings, casual outings, comfort-focused wear, walking-friendly, stylish flats, narrow fit, versatile pairing, everyday use, supportive design"
Merrell,"hiking adventures, casual outings, everyday wear, outdoor activities, travel footwear, work casual Fridays, waterproof protection, versatile styling, comfortable walking, active lifestyle"
Outdoor Gear,"hiking trips, camping adventures, outdoor sports, urban casual wear, desert excursions, maternity outdoor activities, curvy women's apparel, fitness activities, trail running, weather protection"
Baby,"baby clothing essentials, baby-wearing outfits, newborn dressing guidelines, layering for warmth, special occasion attire, easy diaper changes, comfort for sensitive skin, washing new clothes, dressing for outings, seasonal clothing needs"
Kamik,"rainy weather, winter conditions, hiking trips, casual outings, snow activities, outdoor adventures, stylish protection, family outings, waterproof needs, versatile footwear"
Lingerie,"romantic occasions, everyday comfort, self-confidence boost, special date nights, layering with outfits, foreplay enhancement, personal expression, gift for partner, seductive appeal, fashion statement"
Socks,"everyday wear, athletic activities, formal occasions, hiking, warmth retention, moisture management, fashion statement, comfort enhancement, foot protection"
Skechers,"casual outings, light exercise, travel comfort, everyday wear, informal gatherings, walking, running errands, work environments, family activities, leisure activities"
J,"daily wear, special occasions, fashion statements, public events, casual outings, work attire, seasonal trends, personal expression, cultural events, themed gatherings"
Active Skirts,"active lifestyle, casual outings, fitness classes, running errands, outdoor activities, tennis matches, travel wear, versatile layering, warm weather comfort, stylish athletic wear"
Evening Bags,"formal events, cocktail parties, weddings, nice dinners, evening outings, black tie events, prom, dressy occasions, special celebrations"
Handbags & Wallets,"everyday use, special occasions, fashion statement, practical storage, travel convenience, outfit coordination, versatile styling, personal expression, hands-free options, event-specific design"
S,"yoga sessions, everyday wear, versatile clothing, casual outings, comfortable fit, active lifestyle, layering options, street style, fashion statement, personal expression"
Garters,"wedding attire, vintage fashion, special occasions, lingerie styling, formal events, costume design, everyday wear, sock support, fashion statement"
K,"formal occasions, casual outings, cultural events, fashion statements, everyday wear, themed parties, layering options, seasonal transitions, K-pop merchandise"
Sandals,"casual outings, beach trips, warm weather, travel comfort, outdoor activities, relaxed gatherings, home wear, cultural events, sightseeing, festivals"
Sleep & Lounge,"sleeping comfort, lounging at home, casual wear, bedtime relaxation, light fabric choice, cozy evenings, sleepovers, travel comfort, indoor activities, restful nights"
Juniors,"everyday wear, prom dresses, casual events, personal style expression, age flexibility, comfort-focused clothing, trend-driven fashion, junior sizing, youthful aesthetics, versatile outfits"
